Insert into Team Values("IND","India","Sahara");
Insert into Team Values("ENG","England","Natwest");
Insert into Team Values("AUS","Australia","KokkaBurra");
Insert into Team Values("SRI","Srilanka","Sony");
Insert into Team Values("WI","WestIndies","Carlsberg");
Insert into Team Values("SA","SouthAfrica","CastleLager");
Insert into Team Values("NWZ","NewZealand","Samsung");
Insert into Team Values("PAK","Pakistan","Reliance");


Insert into Coach Values("Ravi","Shastri",51,"India","IND");
Insert into Coach Values("Mike","Vaughan",46,"England","ENG");
Insert into Coach Values("Justin","Langer",48,"Australia","AUS");
Insert into Coach Values("Mike","Cole",53,"Srilanka","SRI");
Insert into Coach Values("Michael","Holding",56,"WestIndies","WI");
Insert into Coach Values("Gary","Kirsten",46,"SouthAfrica","SA");
Insert into Coach Values("Chris","Crains",43,"NewZealand","NWZ");
Insert into Coach Values("Inzamam","UlHaq",50,"Pakistan","PAK");


Insert into Player Values("IND001","Virat","Kohli",10843,227,641,4,"IND",False,True,False);
Insert into Player Values("IND002","Rohit","Sharma",8010,206,593,8,"IND",False,True,False);
Insert into Player Values("IND003","Mahendra","Dhoni",10500,341,36,1,"IND",False,False,True);
Insert into Player Values("IND004","Krishnakumar","Karthik",1738,91,0,0,"IND",False,True,False);
Insert into Player Values("IND005","Rishabh","Pant",93,5,0,0,"IND",False,True,False);
Insert into Player Values("IND006","Krishnakumar","Karthik",1738,91,0,0,"IND",False,True,False);
Insert into Player Values("IND007","Kannaur","Rahul",343,14,0,0,"IND",False,True,False);
Insert into Player Values("IND008","Shikhar","Dhawan",5355,128,0,0,"IND",False,True,False);
Insert into Player Values("IND009","Ravindrasinh","Jadeja",2035,151,7669,174,"IND",False,True,False);
Insert into Player Values("IND010","Suresh","Raina",5615,226,2126,36,"IND",False,True,False);
Insert into Player Values("IND011","Yuzvendra","Chahal",34,41,2173,72,"IND",True,False,False);
Insert into Player Values("IND012","Kuldeep","Yadav",100,44,2298,87,"IND",True,False,False);
Insert into Player Values("IND013","Jasprit","Bumrah",18,49,2505,85,"IND",True,False,False);
Insert into Player Values("IND014","Ambati","Rayudu",1694,55,121,3,"IND",False,True,False);
Insert into Player Values("IND015","Mohammed","Ahmed",131,63,3231,113,"IND",True,False,False);
Insert into Player Values("AUS001","Aaron","Finch",4052,109,248,3,"AUS",False,True,False);
Insert into Player Values("AUS002","Patrick","Cummins",183,48,2516,82,"AUS",True,False,False);
Insert into Player Values("AUS003","Peter","Handscomb",628,21,0,0,"AUS",False,True,False);
Insert into Player Values("AUS004","Usman","Khawaja",1238,31,0,0,"AUS",False,True,False);
Insert into Player Values("AUS005","Timothy","Paine",890,35,0,0,"AUS",False,False,True);
Insert into Player Values("AUS006","Shaun","Marsh",2747,71,0,0,"AUS",False,True,False);
Insert into Player Values("AUS007","David","Warner",4343,106,6,0,"AUS",False,True,False);
Insert into Player Values("AUS008","Alex","Carey",429,19,0,0,"AUS",False,True,False);
Insert into Player Values("AUS009","Steven","Smith",3431,108,1046,27,"AUS",False,True,False);
Insert into Player Values("AUS010","Mitchell","Marsh",1428,53,1700,44,"AUS",False,True,False);
Insert into Player Values("AUS011","Kane","Richardson",50,20,1037,29,"AUS",True,False,False);
Insert into Player Values("AUS012","Josh","Hazlewood",37,44,2294,72,"AUS",True,False,False);
Insert into Player Values("AUS013","Adam","Zampa",99,44,2282,60,"AUS",True,False,False);
Insert into Player Values("AUS014","Billy","Stanlake",4,7,354,7,"AUS",True,False,False);
Insert into Player Values("AUS015","Nathan","Coulter-Nile",154,27,1396,48,"AUS",True,False,False);
Insert into Player Values("NWZ001","Kane","Williamson",5554,139,1377,35,"NWZ",False,True,False);
Insert into Player Values("NWZ002","Martin","Guptill",6440,169,109,4,"NWZ",False,True,False);
Insert into Player Values("NWZ003","Luke","Ronchi",1397,85,0,0,"NWZ",False,False,True);
Insert into Player Values("NWZ004","Corey","Anderson",1109,49,1485,60,"NWZ",False,True,False);
Insert into Player Values("NWZ005","Anton","Devcich",195,12,324,4,"NWZ",False,True,False);
Insert into Player Values("NWZ006","George","Worker",272,10,6,0,"NWZ",False,True,False);
Insert into Player Values("NWZ007","Dean","Brownlie",361,16,0,0,"NWZ",False,True,False);
Insert into Player Values("NWZ008","James","Neesham",1015,49,1445,44,"NWZ",False,True,False);
Insert into Player Values("NWZ009","Henry","Nicholls",1029,41,0,0,"NWZ",False,True,False);
Insert into Player Values("NWZ010","Colin","Munro",1146,51,546,7,"NWZ",False,True,False);
Insert into Player Values("NWZ011","Lachlan","Ferguson",58,27,1400,46,"NWZ",True,False,False);
Insert into Player Values("NWZ012","Todd","Astle",79,9,270,10,"NWZ",True,False,False);
Insert into Player Values("NWZ013","Inderbir","Sodhi",62,30,1512,39,"NWZ",True,False,False);
Insert into Player Values("NWZ014","Adam","Milne",168,40,1801,41,"NWZ",True,False,False);
Insert into Player Values("NWZ015","Matthew","Henry",193,43,2221,78,"NWZ",True,False,False);
Insert into Player Values("ENG001","Eoin","Morgan",6813,217,0,0,"ENG",False,True,False);
Insert into Player Values("ENG002","Benjamin","Stokes",2088,79,2505,63,"ENG",False,True,False);
Insert into Player Values("ENG003","Moeen","Ali",1645,92,4216,78,"ENG",False,True,False);
Insert into Player Values("ENG004","Joseph","Denly",268,9,0,0,"ENG",False,True,False);
Insert into Player Values("ENG005","Alexander","Hales",2419,70,0,0,"ENG",False,True,False);
Insert into Player Values("ENG006","Samuel","Billings",271,15,0,0,"ENG",False,False,True);
Insert into Player Values("ENG007","Joseph","Buttler",3387,127,0,0,"ENG",False,True,False);
Insert into Player Values("ENG008","David","Willey",245,42,1761,48,"ENG",False,True,False);
Insert into Player Values("ENG009","Liam","Dawson",14,3,84,3,"ENG",False,True,False);
Insert into Player Values("ENG010","James","Vince",131,6,0,0,"ENG",False,True,False);
Insert into Player Values("ENG011","Thomas","Curran",71,13,557,18,"ENG",True,False,False);
Insert into Player Values("ENG012","Christopher","Jordan",169,31,1532,43,"ENG",True,False,False);
Insert into Player Values("ENG013","Adil","Rashid",529,83,4090,128,"ENG",True,False,False);
Insert into Player Values("ENG014","Reece","Topley",7,10,463,16,"ENG",True,False,False);
Insert into Player Values("ENG015","Stuart","Broad",529,121,6109,178,"ENG",True,False,False);
Insert into Player Values("PAK001","Sarfaraz","Ahmed",1942,101,12,0,"PAK",False,False,True);
Insert into Player Values("PAK002","Asif","Ali",200,11,0,0,"PAK",False,True,False);
Insert into Player Values("PAK003","Aamer","Yamin",95,4,156,2,"PAK",False,True,False);
Insert into Player Values("PAK004","Azhar","Ali",1845,53,258,4,"PAK",False,True,False);
Insert into Player Values("PAK005","Fakhar","Zaman",1442,31,111,1,"PAK",False,True,False);
Insert into Player Values("PAK006","Mohammad","Talat",2,1,12,0,"PAK",False,True,False);
Insert into Player Values("PAK007","Mohammad","Hafeez",6302,208,7469,137,"PAK",False,True,False);
Insert into Player Values("PAK008","Mohammad","Rizwan",705,32,0,0,"PAK",False,True,False);
Insert into Player Values("PAK009","Shadab","Khan",294,34,1627,47,"PAK",False,True,False);
Insert into Player Values("PAK010","Rumman","Khan",27,9,463,14,"PAK",True,False,False);
Insert into Player Values("PAK011","Shoaib","Malik",7481,282,7874,156,"PAK",False,True,False);
Insert into Player Values("PAK012","Usman","Shinwari",6,15,660,28,"PAK",True,False,False);
Insert into Player Values("PAK013","Shaheen","Afridi",15,10,461,19,"PAK",True,False,False);
Insert into Player Values("PAK014","Yasir","Shah",127,24,1251,23,"PAK",True,False,False);
Insert into Player Values("PAK015","Mohammad","Khan",68,74,3493,108,"PAK",True,False,False);
Insert into Player Values("SA001","Francois","Plessis",5120,134,192,2,"SA",False,True,False);
Insert into Player Values("SA002","Quinton","Kock",4602,106,0,0,"SA",False,False,True);
Insert into Player Values("SA003","Hashim","Amla",7910,174,0,0,"SA",False,True,False);
Insert into Player Values("SA004","Reeza","Hendricks",455,18,42,1,"SA",False,True,False);
Insert into Player Values("SA005","Heinrich","Klaasen",251,14,0,0,"SA",False,True,False);
Insert into Player Values("SA006","David","Miller",2922,120,0,0,"SA",False,True,False);
Insert into Player Values("SA007","Pieter","Mulder",74,10,318,8,"SA",False,True,False);
Insert into Player Values("SA008","Farhaan","Behardien",1074,59,748,14,"SA",False,True,False);
Insert into Player Values("SA009","Dean","Elgar",104,8,96,2,"SA",False,True,False);
Insert into Player Values("SA010","Morne","Morkel",268,117,5760,188,"SA",True,False,False);
Insert into Player Values("SA011","Keshav","Maharaj",25,4,187,6,"SA",True,False,False);
Insert into Player Values("SA012","Mohammad","Tahir",146,98,5085,162,"SA",True,False,False);
Insert into Player Values("SA013","Dale","Steyn",365,125,6256,196,"SA",True,False,False);
Insert into Player Values("SA014","Dwaine","Pretorius",132,19,884,24,"SA",True,False,False);
Insert into Player Values("SA015","Duanne","Olivier",0,2,114,3,"SA",True,False,False);
Insert into Player Values("WI001","Jason","Holder",1471,90,4260,119,"WI",True,False,False);
Insert into Player Values("WI002","Darren","Bravo",2784,102,0,0,"WI",False,True,False);
Insert into Player Values("WI003","Christopher","Gayle",10151,289,7334,165,"WI",False,True,False);
Insert into Player Values("WI004","Chandrapaul","Hemraj",82,6,7,0,"WI",False,True,False);
Insert into Player Values("WI005","Evin","Lewis",1010,35,0,0,"WI",False,True,False);
Insert into Player Values("WI006","John","Campbell",69,5,6,0,"WI",False,True,False);
Insert into Player Values("WI007","Jason","Mohammed",551,28,146,0,"WI",False,True,False);
Insert into Player Values("WI008","Kyle","Hope",138,7,0,0,"WI",False,True,False);
Insert into Player Values("WI009","Nicholas","Pooran",0,1,0,0,"WI",False,False,True);
Insert into Player Values("WI010","John","Campbell",69,5,6,0,"WI",False,True,False);
Insert into Player Values("WI011","Devendra","Bishoo",164,42,2022,38,"WI",True,False,False);
Insert into Player Values("WI012","Oshane","Thomas",0,9,343,15,"WI",True,False,False);
Insert into Player Values("WI013","Kemar","Roach",276,80,3967,114,"WI",True,False,False);
Insert into Player Values("WI014","Sheldon","Cottrell",14,10,388,15,"WI",True,False,False);
Insert into Player Values("WI015","Fabian","Allen",25,4,138,0,"WI",True,False,False);
Insert into Player Values("SRI001","Separamadu","Malinga",550,218,10508,322,"SRI",True,False,False);
Insert into Player Values("SRI002","Lokuge","Chandimal",3599,146,0,0,"SRI",False,False,True);
Insert into Player Values("SRI003","Madagamagamage","Shanaka",327,19,216,7,"SRI",False,True,False);
Insert into Player Values("SRI004","Balapuwaduge","Mendis",1626,62,20,0,"SRI",False,True,False);
Insert into Player Values("SRI005","Mahawaduge","Perera",152,13,456,13,"SRI",False,True,False);
Insert into Player Values("SRI006","Mahamarakkala","Perera",283,34,1653,48,"SRI",False,True,False);
Insert into Player Values("SRI007","Angelo","Mathews",5380,203,5071,114,"SRI",False,True,False);
Insert into Player Values("SRI008","Angelo","Perera",39,5,36,0,"SRI",False,True,False);
Insert into Player Values("SRI009","Palihawadana","Perera",33,2,0,0,"SRI",False,True,False);
Insert into Player Values("SRI010","Isuru","Tillakaratna",110,5,174,2,"SRI",False,True,False);
Insert into Player Values("SRI011","Ranasinghe","Lakmal",205,81,3686,105,"SRI",True,False,False);
Insert into Player Values("SRI012","Pathira","Chameera",93,23,895,19,"SRI",True,False,False);
Insert into Player Values("SRI013","Chandrasekara","Rajitha",0,6,215,5,"SRI",True,False,False);
Insert into Player Values("SRI014","Aththachchi","Fernando",27,34,1556,38,"SRI",True,False,False);
Insert into Player Values("SRI015","Malmeege","Aponso",10,9,423,10,"SRI",True,False,False);


Insert into Captain Values("IND001");
Insert into Captain Values("ENG001");
Insert into Captain Values("AUS001");
Insert into Captain Values("NWZ001");
Insert into Captain Values("PAK001");
Insert into Captain Values("SA001");
Insert into Captain Values("SRI001");
Insert into Captain Values("WI001");


Insert into ViceCaptain Values("IND002");
Insert into ViceCaptain Values("ENG002");
Insert into ViceCaptain Values("AUS002");
Insert into ViceCaptain Values("NWZ002");
Insert into ViceCaptain Values("PAK002");
Insert into ViceCaptain Values("SA002");
Insert into ViceCaptain Values("SRI002");
Insert into ViceCaptain Values("WI002");

INSERT INTO Matches   VALUES
('7', NULL),
('8', NULL),
('9', NULL),
('10', NULL),
('11', NULL),
('12', NULL),
('13', NULL),
('14', NULL),
('15', NULL),
('2', 'AUS003'),
('1', 'IND001'),
('5', 'IND005'),
('4', 'NWZ008'),
('6', 'SRI006'),
('3', 'WI003');

INSERT INTO Schedule VALUES
('5/09/2019  9:00:00 AM', 'New Delhi', '13'),
('5/11/2019  9:00:00 AM', 'Jaipur', '14'),
('5/14/2019  9:00:00 AM', 'Mumbai', '15'),
('5/3/2019  5:00:00 PM', 'Chennai', '2'),
('5/3/2019  9:00:00 AM', 'New Delhi', '1'),
('5/4/2019  5:00:00 PM', 'Pune', '4'),
('5/4/2019  9:00:00 AM', 'Hyderabad', '3'),
('5/5/2019   5:00:00 PM', 'Jaipur', '6'),
('5/5/2019   9:00:00 AM', 'Mumbai', '5'),
('5/6/2019    5:00:00 PM', 'Vizag', '8'),
('5/6/2019  9:00:00 AM', 'Mohali', '7'),
('5/7/2019    9:00:00 AM', 'New Delhi', '9'),
('5/7/2019  5:00:00 AM', 'Chennai', '10'),
('5/8/2019   5:00:00 AM', 'Pune', '12'),
('5/8/2019  9:00:00 AM', 'Hyderabad', '11');


Insert into ScoreCard Values(1,"IND001",21,0);
Insert into ScoreCard Values(1,"IND002",73,0);
Insert into ScoreCard Values(1,"IND003",107,0);
Insert into ScoreCard Values(1,"IND004",74,0);
Insert into ScoreCard Values(1,"IND005",18,0);
Insert into ScoreCard Values(1,"IND006",3,2);
Insert into ScoreCard Values(1,"IND007",0,4);
Insert into ScoreCard Values(1,"IND008",1,2);
Insert into ScoreCard Values(1,"IND009",3,0);
Insert into ScoreCard Values(1,"IND010",0,1);
Insert into ScoreCard Values(1,"IND011",0,1);
Insert into ScoreCard Values(1,"ENG001",59,0);
Insert into ScoreCard Values(1,"ENG002",6,0);
Insert into ScoreCard Values(1,"ENG003",36,0);
Insert into ScoreCard Values(1,"ENG004",76,0);
Insert into ScoreCard Values(1,"ENG005",0,0);
Insert into ScoreCard Values(1,"ENG006",0,0);
Insert into ScoreCard Values(1,"ENG007",22,5);
Insert into ScoreCard Values(1,"ENG008",4,0);
Insert into ScoreCard Values(1,"ENG009",13,1);
Insert into ScoreCard Values(1,"ENG010",7,0);
Insert into ScoreCard Values(1,"ENG011",1,0);

Insert into ScoreCard Values(2,"AUS001",30,0);
Insert into ScoreCard Values(2,"AUS002",9,0);
Insert into ScoreCard Values(2,"AUS003",72,0);
Insert into ScoreCard Values(2,"AUS004",68,0);
Insert into ScoreCard Values(2,"AUS005",102,0);
Insert into ScoreCard Values(2,"AUS006",67,2);
Insert into ScoreCard Values(2,"AUS007",0,2);
Insert into ScoreCard Values(2,"AUS008",25,1);
Insert into ScoreCard Values(2,"AUS009",3,0);
Insert into ScoreCard Values(2,"AUS010",0,0);
Insert into ScoreCard Values(2,"AUS011",0,3);
Insert into ScoreCard Values(2,"SRI001",12,0);
Insert into ScoreCard Values(2,"SRI002",62,0);
Insert into ScoreCard Values(2,"SRI003",104,0);
Insert into ScoreCard Values(2,"SRI004",19,0);
Insert into ScoreCard Values(2,"SRI005",35,0);
Insert into ScoreCard Values(2,"SRI006",52,2);
Insert into ScoreCard Values(2,"SRI007",8,0);
Insert into ScoreCard Values(2,"SRI008",4,1);
Insert into ScoreCard Values(2,"SRI009",9,1);
Insert into ScoreCard Values(2,"SRI010",7,2);
Insert into ScoreCard Values(2,"SRI011",0,1);

Insert into ScoreCard Values(3,"WI001",24,0);
Insert into ScoreCard Values(3,"WI002",215,0);
Insert into ScoreCard Values(3,"WI003",133,0);
Insert into ScoreCard Values(3,"WI004",0,0);
Insert into ScoreCard Values(3,"WI005",0,3);
Insert into ScoreCard Values(3,"WI006",0,3);
Insert into ScoreCard Values(3,"WI007",0,1);
Insert into ScoreCard Values(3,"WI008",0,1);
Insert into ScoreCard Values(3,"WI009",0,0);
Insert into ScoreCard Values(3,"WI010",0,0);
Insert into ScoreCard Values(3,"WI011",0,2);
Insert into ScoreCard Values(3,"SA001",51,0);
Insert into ScoreCard Values(3,"SA002",2,0);
Insert into ScoreCard Values(3,"SA003",5,0);
Insert into ScoreCard Values(3,"SA004",37,0);
Insert into ScoreCard Values(3,"SA005",76,1);
Insert into ScoreCard Values(3,"SA006",52,0);
Insert into ScoreCard Values(3,"SA007",19,0);
Insert into ScoreCard Values(3,"SA008",21,0);
Insert into ScoreCard Values(3,"SA009",4,0);
Insert into ScoreCard Values(3,"SA010",16,0);
Insert into ScoreCard Values(3,"SA011",6,1);

Insert into ScoreCard Values(4,"NWZ001",63,0);
Insert into ScoreCard Values(4,"NWZ002",42,0);
Insert into ScoreCard Values(4,"NWZ003",33,0);
Insert into ScoreCard Values(4,"NWZ004",24,0);
Insert into ScoreCard Values(4,"NWZ005",19,0);
Insert into ScoreCard Values(4,"NWZ006",7,0);
Insert into ScoreCard Values(4,"NWZ007",0,3);
Insert into ScoreCard Values(4,"NWZ008",0,4);
Insert into ScoreCard Values(4,"NWZ009",0,1);
Insert into ScoreCard Values(4,"NWZ010",0,2);
Insert into ScoreCard Values(4,"NWZ011",0,0);
Insert into ScoreCard Values(4,"PAK001",15,0);
Insert into ScoreCard Values(4,"PAK002",0,0);
Insert into ScoreCard Values(4,"PAK003",27,0);
Insert into ScoreCard Values(4,"PAK004",9,0);
Insert into ScoreCard Values(4,"PAK005",54,0);
Insert into ScoreCard Values(4,"PAK006",6,0);
Insert into ScoreCard Values(4,"PAK007",0,0);
Insert into ScoreCard Values(4,"PAK008",56,1);
Insert into ScoreCard Values(4,"PAK009",1,0);
Insert into ScoreCard Values(4,"PAK010",16,1);
Insert into ScoreCard Values(4,"PAK011",2,0);

Insert into ScoreCard Values(5,"IND001",83,0);
Insert into ScoreCard Values(5,"IND002",100,0);
Insert into ScoreCard Values(5,"IND003",44,0);
Insert into ScoreCard Values(5,"IND004",33,0);
Insert into ScoreCard Values(5,"IND005",0,1);
Insert into ScoreCard Values(5,"IND006",0,3);
Insert into ScoreCard Values(5,"IND007",0,1);
Insert into ScoreCard Values(5,"IND008",0,1);
Insert into ScoreCard Values(5,"IND009",0,2);
Insert into ScoreCard Values(5,"IND010",0,1);
Insert into ScoreCard Values(5,"IND011",0,0);
Insert into ScoreCard Values(5,"AUS001",78,0);
Insert into ScoreCard Values(5,"AUS002",42,0);
Insert into ScoreCard Values(5,"AUS003",2,0);
Insert into ScoreCard Values(5,"AUS004",75,0);
Insert into ScoreCard Values(5,"AUS005",24,0);
Insert into ScoreCard Values(5,"AUS006",1,0);
Insert into ScoreCard Values(5,"AUS007",6,0);
Insert into ScoreCard Values(5,"AUS008",2,2);
Insert into ScoreCard Values(5,"AUS009",12,0);
Insert into ScoreCard Values(5,"AUS010",6,0);
Insert into ScoreCard Values(5,"AUS011",11,0);

Insert into ScoreCard Values(6,"ENG001",151,0);
Insert into ScoreCard Values(6,"ENG002",44,0);
Insert into ScoreCard Values(6,"ENG003",117,0);
Insert into ScoreCard Values(6,"ENG004",0,0);
Insert into ScoreCard Values(6,"ENG005",0,0);
Insert into ScoreCard Values(6,"ENG006",0,0);
Insert into ScoreCard Values(6,"ENG007",0,1);
Insert into ScoreCard Values(6,"ENG008",0,1);
Insert into ScoreCard Values(6,"ENG009",0,1);
Insert into ScoreCard Values(6,"ENG010",0,1);
Insert into ScoreCard Values(6,"ENG011",0,1);
Insert into ScoreCard Values(6,"SRI001",33,0);
Insert into ScoreCard Values(6,"SRI002",49,0);
Insert into ScoreCard Values(6,"SRI003",6,0);
Insert into ScoreCard Values(6,"SRI004",121,0);
Insert into ScoreCard Values(6,"SRI005",27,0);
Insert into ScoreCard Values(6,"SRI006",25,0);
Insert into ScoreCard Values(6,"SRI007",39,0);
Insert into ScoreCard Values(6,"SRI008",9,0);
Insert into ScoreCard Values(6,"SRI009",0,0);
Insert into ScoreCard Values(6,"SRI010",0,1);
Insert into ScoreCard Values(6,"SRI011",0,0);

Insert into ScoreCard Values(7,"SA001",47,0);
Insert into ScoreCard Values(7,"SA002",59,0);
Insert into ScoreCard Values(7,"SA003",6,0);
Insert into ScoreCard Values(7,"SA004",30,0);
Insert into ScoreCard Values(7,"SA005",84,0);
Insert into ScoreCard Values(7,"SA006",58,2);
Insert into ScoreCard Values(7,"SA007",8,0);
Insert into ScoreCard Values(7,"SA008",7,0);
Insert into ScoreCard Values(7,"SA009",0,0);
Insert into ScoreCard Values(7,"SA010",0,0);
Insert into ScoreCard Values(7,"SA011",0,3);
Insert into ScoreCard Values(7,"NWZ001",24,0);
Insert into ScoreCard Values(7,"NWZ002",14,0);
Insert into ScoreCard Values(7,"NWZ003",82,0);
Insert into ScoreCard Values(7,"NWZ004",39,0);
Insert into ScoreCard Values(7,"NWZ005",65,0);
Insert into ScoreCard Values(7,"NWZ006",49,1);
Insert into ScoreCard Values(7,"NWZ007",8,0);
Insert into ScoreCard Values(7,"NWZ008",0,3);
Insert into ScoreCard Values(7,"NWZ009",0,0);
Insert into ScoreCard Values(7,"NWZ010",0,1);
Insert into ScoreCard Values(7,"NWZ011",0,0);

Insert into ScoreCard Values(8,"WI001",46,0);
Insert into ScoreCard Values(8,"WI002",4,0);
Insert into ScoreCard Values(8,"WI003",49,0);
Insert into ScoreCard Values(8,"WI004",38,0);
Insert into ScoreCard Values(8,"WI005",51,0);
Insert into ScoreCard Values(8,"WI006",50,0);
Insert into ScoreCard Values(8,"WI007",30,3);
Insert into ScoreCard Values(8,"WI008",42,1);
Insert into ScoreCard Values(8,"WI009",0,3);
Insert into ScoreCard Values(8,"WI010",0,1);
Insert into ScoreCard Values(8,"WI011",0,2);
Insert into ScoreCard Values(8,"PAK001",9,0);
Insert into ScoreCard Values(8,"PAK002",1,0);
Insert into ScoreCard Values(8,"PAK003",0,0);
Insert into ScoreCard Values(8,"PAK004",0,0);
Insert into ScoreCard Values(8,"PAK005",7,0);
Insert into ScoreCard Values(8,"PAK006",50,1);
Insert into ScoreCard Values(8,"PAK007",59,1);
Insert into ScoreCard Values(8,"PAK008",28,0);
Insert into ScoreCard Values(8,"PAK009",3,2);
Insert into ScoreCard Values(8,"PAK010",1,1);
Insert into ScoreCard Values(8,"PAK011",2,0);


Insert into Umpire Values("U01","Simon Toefl","England");
Insert into Umpire Values("U02","Venkat Rahgvan","India");
Insert into Umpire Values("U03","Asad Rauf","Pakistan");
Insert into Umpire Values("U04","Steve Buckner","WestIndies");
Insert into Umpire Values("U05","Rudy Kurtzen","South Africa");
Insert into Umpire Values("U06","Billy Bowden","New Zealand");
Insert into Umpire Values("U07","Kumar Dharmasena","Srilanka");
Insert into Umpire Values("U08","Mike Colemen","Australia");

Insert into Umpiring Values(1,"U01");
Insert into Umpiring Values(1,"U02");
Insert into Umpiring Values(2,"U03");
Insert into Umpiring Values(2,"U04");
Insert into Umpiring Values(3,"U05");
Insert into Umpiring Values(3,"U06");
Insert into Umpiring Values(4,"U07");
Insert into Umpiring Values(4,"U08");



Insert into Play Values("IND",1,1);
Insert into Play Values("ENG",1,0);
Insert into Play Values("AUS",2,1);
Insert into Play Values("SRI",2,0);
Insert into Play Values("SA",3,1);
Insert into Play Values("WI",3,0);
Insert into Play Values("NWZ",4,1);
Insert into Play Values("PAK",4,0);
Insert into Play Values("IND",5,1);
Insert into Play Values("AUS",5,0);
Insert into Play Values("ENG",6,1);
Insert into Play Values("SRI",6,0);
Insert into Play Values("SA",7,1);
Insert into Play Values("NWZ",7,0);
Insert into Play Values("WI",8,1);
Insert into Play Values("PAK",8,0);
Insert into Play Values("IND",9,1);
Insert into Play Values("SRI",9,0);
Insert into Play Values("ENG",10,1);
Insert into Play Values("AUS",10,0);
Insert into Play Values("SA",11,1);
Insert into Play Values("PAK",11,0);
Insert into Play Values("WI",12,1);
Insert into Play Values("NWZ",12,0);

Insert into Selection_Team Values("IND","Ravi","IND");
Insert into Selection_Team Values("ENG","Mike","ENG");
Insert into Selection_Team Values("AUS","Justin","AUS");
Insert into Selection_Team Values("SRI","Mike","SRI");
Insert into Selection_Team Values("WI","Michael","WI");
Insert into Selection_Team Values("SA","Gary","SA");
Insert into Selection_Team Values("NWZ","Chris","NWZ");
Insert into Selection_Team Values("PAK","Inzamam","PAK");


Insert into Selection_Player Values("IND","IND001");
Insert into Selection_Player Values("IND","IND002");
Insert into Selection_Player Values("IND","IND004");
Insert into Selection_Player Values("IND","IND003");
Insert into Selection_Player Values("IND","IND009");
Insert into Selection_Player Values("ENG","ENG001");
Insert into Selection_Player Values("ENG","ENG002");
Insert into Selection_Player Values("ENG","ENG007");
Insert into Selection_Player Values("ENG","ENG008");
Insert into Selection_Player Values("AUS","AUS001");
Insert into Selection_Player Values("AUS","AUS002");
Insert into Selection_Player Values("AUS","AUS003");
Insert into Selection_Player Values("AUS","AUS005");
Insert into Selection_Player Values("AUS","AUS006");
Insert into Selection_Player Values("NWZ","NWZ001");
Insert into Selection_Player Values("NWZ","NWZ002");
Insert into Selection_Player Values("NWZ","NWZ006");
Insert into Selection_Player Values("NWZ","NWZ008");
Insert into Selection_Player Values("PAK","PAK001");
Insert into Selection_Player Values("PAK","PAK002");
Insert into Selection_Player Values("PAK","PAK004");
Insert into Selection_Player Values("PAK","PAK007");
Insert into Selection_Player Values("PAK","PAK010");
Insert into Selection_Player Values("SA","SA001");
Insert into Selection_Player Values("SA","SA002");
Insert into Selection_Player Values("SA","SA009");
Insert into Selection_Player Values("SA","SA007");
Insert into Selection_Player Values("SRI","SRI001");
Insert into Selection_Player Values("SRI","SRI002");
Insert into Selection_Player Values("SRI","SRI007");
Insert into Selection_Player Values("SRI","SRI003");
Insert into Selection_Player Values("SRI","SRI008");
Insert into Selection_Player Values("WI","WI001");
Insert into Selection_Player Values("WI","WI002");
Insert into Selection_Player Values("WI","WI009");
Insert into Selection_Player Values("WI","WI011");




